{
  "ie": {
    "6": 0,
    "7": 0,
    "8": 0,
    "9": 0,
    "10": 0,
    "11": 0,
    "5.5": 0
  },
  "edge": {
    "12": 0,
    "13": 0,
    "14": 0.0044742729306487695,
    "15": 0.017897091722595078,
    "16": 0,
    "17": 0.0894854586129754,
    "18": 2.170022371364653,
    "79": 0,
    "80": 0,
    "81": 0.5604026845637584,
    "83": 1.8456375838926176,
    "84": 0.42505592841163314
  },
  "firefox": {
    "2": 0,
    "3": 0,
    "4": 0,
    "5": 0,
    "6": 0,
    "7": 0,
    "8": 0,
    "9": 0,
    "10": 0,
    "11": 0,
    "12": 0,
    "13": 0,
    "14": 0,
    "15": 0,
    "16": 0,
    "17": 0,
    "18": 0,
    "19": 0,
    "20": 0,
    "21": 0,
    "22": 0,
    "23": 0,
    "24": 0,
    "25": 0,
    "26": 0,
    "27": 0,
    "28": 0,
    "29": 0,
    "30": 0,
    "31": 0,
    "32": 0,
    "33": 0,
    "34": 0,
    "35": 0,
    "36": 0,
    "37": 0,
    "38": 0,
    "39": 0,
    "40": 0,
    "41": 0,
    "42": 0,
    "43": 0,
    "44": 0,
    "45": 0,
    "46": 0,
    "47": 0,
    "48": 0,
    "49": 0,
    "50": 0,
    "51": 0,
    "52": 0.0033557046979865767,
    "53": 0,
    "54": 0.05592841163310962,
    "55": 0,
    "56": 0,
    "57": 0,
    "58": 0,
    "59": 0,
    "60": 0,
    "61": 0,
    "62": 0.012304250559284116,
    "63": 0,
    "64": 0,
    "65": 0,
    "66": 0.005592841163310962,
    "67": 0,
    "68": 0.04250559284116331,
    "69": 0,
    "70": 0,
    "71": 0.025727069351230425,
    "72": 0,
    "73": 0,
    "74": 0,
    "75": 0.013422818791946307,
    "76": 0.8366890380313199,
    "77": 0.5,
    "78": 0.494407158836689,
    "79": 0,
    "80": 0,
    "81": 0,
    "3.5": 0,
    "3.6": 0
  },
  "chrome": {
    "4": 0,
    "5": 0,
    "6": 0,
    "7": 0,
    "8": 0,
    "9": 0,
    "10": 0,
    "11": 0,
    "12": 0,
    "13": 0,
    "14": 0,
    "15": 0,
    "16": 0,
    "17": 0,
    "18": 0,
    "19": 0,
    "20": 0,
    "21": 0,
    "22": 0,
    "23": 0,
    "24": 0,
    "25": 0,
    "26": 0,
    "27": 0,
    "28": 0,
    "29": 0,
    "30": 0,
    "31": 0,
    "32": 0,
    "33": 0,
    "34": 0,
    "35": 0,
    "36": 0,
    "37": 0,
    "38": 0,
    "39": 0,
    "40": 0,
    "41": 0,
    "42": 0,
    "43": 0,
    "44": 0,
    "45": 0,
    "46": 0,
    "47": 0,
    "48": 0,
    "49": 0.011185682326621925,
    "50": 0,
    "51": 0.2841163310961969,
    "52": 0,
    "53": 0,
    "54": 0,
    "55": 0,
    "56": 0.0033557046979865767,
    "57": 0,
    "58": 0.025727069351230425,
    "59": 0,
    "60": 0,
    "61": 0,
    "62": 0,
    "63": 0.1017897091722595,
    "64": 0,
    "65": 0.035794183445190156,
    "66": 0,
    "67": 0,
    "68": 0,
    "69": 0.008948545861297539,
    "70": 0.02796420581655481,
    "71": 0.0022371364653243847,
    "72": 0.0022371364653243847,
    "73": 0.008948545861297539,
    "74": 0.0033557046979865767,
    "75": 0.030201342281879193,
    "76": 0.07046979865771812,
    "77": 0.008948545861297539,
    "78": 0.2058165548098434,
    "79": 0.13982102908277405,
    "80": 0.45078299776286357,
    "81": 13.153243847874721,
    "83": 25.914988814317674,
    "84": 5.191275167785235,
    "85": 0.01901565995525727,
    "86": 0.03467561521252797,
    "87": 0
  },
  "safari": {
    "4": 0,
    "5": 0,
    "6": 0,
    "7": 0,
    "8": 0,
    "9": 0,
    "10": 0,
    "11": 0,
    "12": 0.02348993288590604,
    "13": 1.7628635346756152,
    "14": 0,
    "3.1": 0,
    "3.2": 0,
    "5.1": 0,
    "6.1": 0,
    "7.1": 0,
    "9.1": 0,
    "10.1": 0.0044742729306487695,
    "11.1": 0.07606263982102908,
    "12.1": 0.4888143176733781,
    "13.1": 14.843400447427294,
    "TP": 0
  },
  "opera": {
    "9": 0,
    "11": 0,
    "12": 0,
    "15": 0,
    "16": 0,
    "17": 0,
    "18": 0,
    "19": 0,
    "20": 0,
    "21": 0,
    "22": 0,
    "23": 0,
    "24": 0,
    "25": 0,
    "26": 0,
    "27": 0,
    "28": 0,
    "29": 0,
    "30": 0,
    "31": 0,
    "32": 0,
    "33": 0,
    "34": 0,
    "35": 0,
    "36": 0,
    "37": 0,
    "38": 0,
    "39": 0,
    "40": 0,
    "41": 0,
    "42": 0,
    "43": 0,
    "44": 0,
    "45": 0,
    "46": 0,
    "47": 0,
    "48": 0,
    "49": 0,
    "50": 0,
    "51": 0,
    "52": 0,
    "53": 0,
    "54": 0,
    "55": 0,
    "56": 0,
    "57": 0,
    "58": 0,
    "60": 0,
    "62": 0,
    "63": 0.0011185682326621924,
    "64": 0,
    "65": 0,
    "66": 0,
    "67": 0,
    "68": 0.3680089485458613,
    "69": 0.015659955257270694,
    "9.5-9.6": 0,
    "10.0-10.1": 0,
    "10.5": 0,
    "10.6": 0,
    "11.1": 0,
    "11.5": 0,
    "11.6": 0,
    "12.1": 0
  },
  "ios_saf": {
    "8": 0,
    "3.2": 0,
    "4.0-4.1": 0,
    "4.2-4.3": 0,
    "5.0-5.1": 0,
    "6.0-6.1": 0,
    "7.0-7.1": 0,
    "8.1-8.4": 0.0011185682326621924,
    "9.0-9.2": 0,
    "9.3": 0,
    "10.0-10.2": 0.007829977628635347,
    "10.3": 0.15883668903803133,
    "11.0-11.2": 0.05033557046979866,
    "11.3-11.4": 0.016778523489932886,
    "12.0-12.1": 0.3870246085011185,
    "12.2-12.4": 3.4026845637583896,
    "13.0-13.1": 0.06711409395973154,
    "13.2": 0,
    "13.3": 1.5604026845637584,
    "13.4-13.5": 5.131991051454139,
    "14.0": 0.0044742729306487695
  },
  "op_mini": {
    "all": 0
  },
  "android": {
    "3": 0,
    "4": 0,
    "81": 0.15548098434004476,
    "2.1": 0,
    "2.2": 0,
    "2.3": 0,
    "4.1": 0,
    "4.2-4.3": 0,
    "4.4": 0,
    "4.4.3-4.4.4": 0
  },
  "bb": {
    "7": 0,
    "10": 0
  },
  "op_mob": {
    "10": 0.005592841163310962,
    "11": 0.005592841163310962,
    "12": 0.005592841163310962,
    "46": 0.005592841163310962,
    "11.1": 0.005592841163310962,
    "11.5": 0.005592841163310962,
    "12.1": 0.005592841163310962
  },
  "and_chr": {
    "84": 12.07158836689038
  },
  "and_ff": {
    "68": 0.28747203579418346
  },
  "ie_mob": {
    "10": 0,
    "11": 0
  },
  "and_uc": {
    "12.12": 0
  },
  "samsung": {
    "4": 0,
    "5.0-5.4": 0,
    "6.2-6.4": 0,
    "7.2-7.4": 0,
    "8.2": 0.010067114093959731,
    "9.2": 0,
    "10.1": 0,
    "11.1-11.2": 0.18680089485458612,
    "12.0": 0.6208053691275168
  },
  "and_qq": {
    "10.4": 0
  },
  "baidu": {
    "7.12": 0
  },
  "kaios": {
    "2.5": 0
  }
}